CustomerID,Gender,Age,Region,TenureMonths,PlanType,MonthlyCharges,SupportTickets,JoinDate,Churn,TotalCharges
CUST0001,Male,34,South,44,Premium,89.12,2,2017-10-11,No,3921.28
CUST0002,Female,26,East,2,Basic,80.3,0,2017-04-09,No,160.6
CUST0003,Male,50,North,35,Basic,81.9,4,2017-07-16,No,2866.5
CUST0004,Male,37,West,30,Standard,114.08,5,2019-05-28,No,3422.4
CUST0005,Male,30,East,8,Basic,97.59,5,2022-02-12,Yes,780.72
CUST0006,Female,45,East,22,Basic,32.79,4,2020-10-20,No,721.38
CUST0007,Male,65,West,44,Basic,54.75,2,2023-08-13,Yes,2409.0
CUST0008,Male,46,North,58,Basic,63.54,5,2018-07-24,No,3685.32
CUST0009,Male,30,North,36,Basic,59.6,1,2019-12-02,No,2145.6
CUST0010,Female,63,East,69,Premium,86.93,2,2018-02-26,Yes,5998.17
CUST0011,Male,52,North,31,Basic,109.19,4,2020-04-19,No,3384.89
CUST0012,Male,23,South,47,Standard,50.61,2,2018-06-29,No,2378.67
CUST0013,Male,35,West,55,Standard,75.19,0,2017-03-12,Yes,4135.45
CUST0014,Male,68,South,62,Premium,98.94,2,2020-05-08,No,6134.28
CUST0015,Female,22,North,30,Basic,61.62,1,2019-02-07,No,1848.6
CUST0016,Male,64,East,55,Premium,36.81,0,2023-06-13,No,2024.55
CUST0017,Female,42,West,16,Standard,67.5,3,2021-09-03,No,1080.0
CUST0018,Female,19,North,12,Standard,25.52,4,2023-08-22,No,306.24
CUST0019,Female,27,North,17,Standard,114.24,4,2018-10-17,No,1942.08
CUST0020,Male,47,East,16,Premium,27.48,2,2023-09-13,No,439.68
CUST0021,Female,67,East,12,Basic,63.85,5,2021-12-02,No,766.2
CUST0022,Male,62,South,8,Standard,72.99,0,2017-08-09,Yes,583.92
CUST0023,Female,22,West,3,Standard,118.53,3,2017-07-01,No,355.59
CUST0024,Female,50,West,16,Standard,36.6,0,2017-11-03,No,585.6
CUST0025,Female,18,East,30,Premium,31.44,4,2020-11-20,Yes,943.2
CUST0026,Female,35,South,23,Basic,20.87,0,2019-10-11,No,480.01
CUST0027,Female,49,West,5,Premium,35.56,3,2022-08-14,No,177.8
CUST0028,Female,64,East,65,Basic,40.73,5,2019-04-28,No,2647.45
CUST0029,Female,66,North,30,Basic,83.06,2,2019-03-15,Yes,2491.8
CUST0030,Female,28,West,21,Basic,41.97,1,2017-08-03,Yes,881.37
CUST0031,Male,38,South,70,Basic,22.05,0,2020-12-14,No,1543.5
CUST0032,Male,43,South,22,Standard,102.66,1,2017-04-11,No,2258.52
CUST0033,Female,42,South,32,Basic,56.56,4,2018-07-27,Yes,1809.92
CUST0034,Female,39,North,33,Basic,55.37,2,2020-08-25,No,1827.21
CUST0035,Female,44,West,16,Premium,50.25,2,2018-10-20,Yes,804.0
CUST0036,Male,66,West,38,Premium,117.54,0,2021-03-14,No,4466.52
CUST0037,Female,30,North,14,Premium,37.01,5,2021-07-15,No,518.14
CUST0038,Male,50,West,36,Premium,109.82,2,2017-08-14,No,3953.52
CUST0039,Male,51,North,23,Standard,97.68,0,2017-04-15,No,2246.64
CUST0040,Male,58,North,66,Basic,27.65,0,2022-06-21,No,1824.9
CUST0041,Male,52,North,2,Basic,118.67,1,2019-02-11,No,237.34
CUST0042,Male,18,South,65,Standard,47.14,2,2018-03-05,No,3064.1
CUST0043,Female,38,West,67,Basic,29.86,0,2018-03-10,No,2000.62
CUST0044,Female,65,North,52,Standard,102.93,1,2020-05-15,Yes,5352.36
CUST0045,Female,23,West,62,Basic,90.67,3,2019-05-16,No,5621.54
CUST0046,Female,45,South,23,Basic,81.72,1,2023-08-13,No,1879.56
CUST0047,Female,34,North,26,Standard,35.6,1,2017-09-08,Yes,925.6
CUST0048,Male,22,East,68,Standard,67.85,0,2019-05-06,No,4613.8
CUST0049,Female,48,South,55,Standard,98.06,4,2020-04-08,Yes,5393.3
CUST0050,Female,22,East,6,Standard,50.36,4,2018-07-15,No,302.16
CUST0051,Male,55,West,35,Basic,51.17,5,2021-01-09,No,1790.95
CUST0052,Female,20,West,22,Basic,20.31,4,2023-05-31,Yes,446.82
CUST0053,Male,40,South,43,Premium,37.42,1,2019-07-08,No,1609.06
CUST0054,Female,54,West,15,Standard,107.54,5,2020-03-19,No,1613.1
CUST0055,Male,54,East,60,Basic,64.17,0,2018-03-09,No,3850.2
CUST0056,Female,27,North,12,Premium,118.42,2,2022-10-08,No,1421.04
CUST0057,Female,27,North,49,Basic,59.57,1,2019-08-27,No,2918.93
CUST0058,Male,36,North,42,Standard,91.52,1,2019-04-16,No,3843.84
CUST0059,Male,34,South,38,Basic,48.19,5,2023-02-25,No,1831.22
CUST0060,Male,38,West,45,Standard,56.38,0,2023-03-13,No,2537.1
CUST0061,Male,31,East,35,Standard,39.07,3,2019-06-17,No,1367.45
CUST0062,Male,26,West,30,Basic,54.71,1,2018-04-17,No,1641.3
CUST0063,Male,63,West,30,Premium,74.72,3,2017-09-04,No,2241.6
CUST0064,Male,18,West,6,Standard,119.18,3,2023-08-27,No,715.08
CUST0065,Male,68,North,67,Basic,86.42,4,2019-09-18,No,5790.14
CUST0066,Female,62,East,7,Basic,39.92,0,2019-07-16,No,279.44
CUST0067,Female,30,East,52,Basic,24.5,3,2020-04-06,No,1274.0
CUST0068,Male,21,West,14,Basic,32.64,0,2019-12-11,No,456.96
CUST0069,Female,18,North,15,Standard,76.26,4,2022-01-09,No,1143.9
CUST0070,Female,66,North,21,Premium,96.52,0,2018-11-20,No,2026.92
CUST0071,Female,57,East,35,Standard,114.04,1,2023-08-25,No,3991.4
CUST0072,Female,49,North,66,Basic,21.58,3,2021-01-24,No,1424.28
CUST0073,Male,51,North,2,Basic,72.28,0,2019-08-18,No,144.56
CUST0074,Female,45,North,35,Basic,67.09,2,2018-04-23,Yes,2348.15
CUST0075,Male,48,South,20,Standard,85.61,0,2018-12-08,No,1712.2
CUST0076,Female,25,West,10,Standard,75.96,3,2020-02-12,No,759.6
CUST0077,Female,56,East,25,Basic,88.7,4,2019-01-24,No,2217.5
CUST0078,Female,43,East,66,Standard,85.81,4,2021-07-18,Yes,5663.46
CUST0079,Male,51,South,25,Premium,31.7,3,2018-08-11,No,792.5
CUST0080,Female,20,West,54,Standard,99.97,1,2020-08-27,No,5398.38
CUST0081,Male,67,East,33,Premium,32.32,1,2021-02-01,Yes,1066.56
CUST0082,Female,29,North,36,Standard,89.85,4,2022-01-22,No,3234.6
CUST0083,Male,18,East,14,Standard,61.61,4,2017-07-26,No,862.54
CUST0084,Female,61,North,65,Standard,71.39,3,2023-01-08,No,4640.35
CUST0085,Male,22,South,54,Standard,110.33,1,2017-06-14,No,5957.82
CUST0086,Male,47,North,52,Basic,108.99,4,2022-06-22,No,5667.48
CUST0087,Female,47,East,3,Basic,101.79,1,2022-09-16,No,305.37
CUST0088,Male,34,East,41,Basic,71.01,4,2017-11-29,No,2911.41
CUST0089,Female,65,East,6,Standard,93.62,0,2018-02-07,No,561.72
CUST0090,Female,64,South,25,Basic,71.29,2,2018-02-18,No,1782.25
CUST0091,Female,40,South,13,Premium,106.96,5,2017-02-14,No,1390.48
CUST0092,Female,32,West,8,Standard,60.28,0,2023-03-04,No,482.24
CUST0093,Female,54,East,21,Standard,117.02,5,2017-03-03,Yes,2457.42
CUST0094,Female,38,North,68,Basic,113.23,4,2023-10-04,No,7699.64
CUST0095,Female,31,South,25,Premium,94.16,2,2019-05-18,Yes,2354.0
CUST0096,Female,19,East,68,Premium,47.94,2,2021-01-31,No,3259.92
CUST0097,Female,28,East,45,Standard,33.17,4,2017-01-19,No,1492.65
CUST0098,Female,68,South,60,Basic,105.47,4,2017-12-31,No,6328.2
CUST0099,Female,56,West,12,Standard,36.53,1,2023-10-12,No,438.36
CUST0100,Male,55,South,32,Basic,105.43,4,2020-02-15,Yes,3373.76
CUST0101,Male,51,South,13,Basic,69.08,3,2018-08-03,No,898.04
CUST0102,Female,55,North,31,Standard,60.66,4,2018-06-30,Yes,1880.46
CUST0103,Female,67,North,20,Standard,110.32,3,2021-09-26,No,2206.4
CUST0104,Female,51,West,18,Standard,80.39,4,2023-07-01,Yes,1447.02
CUST0105,Female,35,East,60,Premium,77.66,1,2017-02-24,No,4659.6
CUST0106,Female,47,South,63,Standard,75.88,3,2019-02-17,No,4780.44
CUST0107,Female,32,West,6,Standard,57.12,0,2017-02-11,No,342.72
CUST0108,Female,44,North,32,Basic,98.56,3,2020-08-13,No,3153.92
CUST0109,Female,68,South,43,Premium,45.28,1,2017-08-19,No,1947.04
CUST0110,Male,51,East,2,Basic,113.89,5,2018-03-29,Yes,227.78
CUST0111,Female,69,North,60,Premium,109.4,3,2023-09-08,Yes,6564.0
CUST0112,Male,55,North,23,Premium,53.75,4,2021-03-26,No,1236.25
CUST0113,Female,50,North,31,Basic,92.95,4,2020-10-13,Yes,2881.45
CUST0114,Female,41,West,5,Standard,77.32,5,2021-01-07,Yes,386.6
CUST0115,Male,32,East,34,Premium,53.76,1,2020-02-26,No,1827.84
CUST0116,Female,47,South,10,Standard,118.85,2,2023-09-06,No,1188.5
CUST0117,Male,59,West,2,Premium,22.52,4,2020-05-01,No,45.04
CUST0118,Female,68,West,11,Premium,45.26,0,2019-05-31,No,497.86
CUST0119,Female,34,West,50,Standard,72.01,1,2017-03-26,No,3600.5
CUST0120,Male,22,North,31,Basic,72.2,3,2019-11-20,No,2238.2
CUST0121,Female,46,East,56,Premium,78.89,3,2017-02-18,No,4417.84
CUST0122,Male,21,West,9,Standard,95.17,0,2020-03-14,No,856.53
CUST0123,Female,27,South,21,Basic,82.35,4,2017-03-10,No,1729.35
CUST0124,Male,34,East,28,Basic,80.03,1,2021-08-29,No,2240.84
CUST0125,Male,27,South,62,Standard,25.35,0,2021-05-18,No,1571.7
CUST0126,Female,34,East,7,Premium,57.65,4,2023-01-04,Yes,403.55
CUST0127,Female,37,South,16,Premium,43.21,1,2022-02-13,Yes,691.36
CUST0128,Male,41,North,4,Standard,46.54,3,2019-10-13,Yes,186.16
CUST0129,Female,22,West,4,Basic,75.43,1,2018-03-22,No,301.72
CUST0130,Female,51,South,40,Basic,39.95,5,2023-03-19,No,1598.0
CUST0131,Female,23,East,17,Premium,49.39,2,2020-11-02,No,839.63
CUST0132,Male,19,West,52,Basic,43.71,1,2022-11-13,No,2272.92
CUST0133,Male,30,West,52,Basic,114.85,2,2017-09-19,No,5972.2
CUST0134,Male,60,East,36,Basic,114.47,1,2022-01-23,Yes,4120.92
CUST0135,Male,60,South,38,Standard,80.99,2,2019-06-16,No,3077.62
CUST0136,Male,65,North,50,Premium,112.45,5,2019-12-31,No,5622.5
CUST0137,Male,28,North,63,Basic,98.58,3,2023-03-17,No,6210.54
CUST0138,Male,68,South,63,Standard,78.99,4,2021-04-06,No,4976.37
CUST0139,Male,64,West,62,Standard,20.64,2,2017-04-02,Yes,1279.68
CUST0140,Male,40,West,7,Premium,97.25,5,2017-05-07,Yes,680.75
CUST0141,Female,33,West,27,Basic,90.25,2,2017-03-21,Yes,2436.75
CUST0142,Male,48,West,14,Standard,81.53,3,2022-01-22,No,1141.42
CUST0143,Female,28,South,71,Basic,96.04,2,2019-09-10,No,6818.84
CUST0144,Female,33,West,5,Premium,71.29,5,2019-07-05,No,356.45
CUST0145,Female,25,East,55,Standard,90.41,5,2018-11-25,No,4972.55
CUST0146,Male,21,West,2,Basic,113.52,0,2017-01-25,No,227.04
CUST0147,Male,57,North,62,Standard,57.58,3,2017-06-05,No,3569.96
CUST0148,Male,21,West,21,Standard,90.81,0,2021-12-18,Yes,1907.01
CUST0149,Male,42,South,21,Basic,67.57,3,2021-04-03,No,1418.97
CUST0150,Female,20,North,10,Premium,87.44,2,2022-05-21,No,874.4
CUST0151,Male,49,South,58,Basic,96.29,5,2021-09-30,Yes,5584.82
CUST0152,Male,20,South,39,Standard,24.55,0,2019-12-17,No,957.45
CUST0153,Male,44,North,5,Standard,84.66,2,2021-06-17,No,423.3
CUST0154,Male,46,South,65,Standard,42.67,5,2017-01-19,No,2773.55
CUST0155,Male,49,South,13,Basic,87.0,3,2020-11-08,No,1131.0
CUST0156,Female,67,West,53,Premium,66.83,5,2020-05-01,No,3541.99
CUST0157,Male,68,East,45,Standard,97.36,2,2023-04-04,No,4381.2
CUST0158,Female,36,South,32,Standard,32.34,0,2020-11-11,Yes,1034.88
CUST0159,Male,38,South,36,Standard,82.63,0,2017-10-04,Yes,2974.68
CUST0160,Female,22,South,60,Standard,47.85,5,2019-01-15,Yes,2871.0
CUST0161,Male,35,West,11,Basic,105.3,2,2018-07-06,Yes,1158.3
CUST0162,Male,45,East,63,Basic,112.84,1,2020-03-22,No,7108.92
CUST0163,Female,59,North,21,Premium,119.64,3,2018-10-01,No,2512.44
CUST0164,Female,39,West,52,Basic,99.6,3,2017-08-25,Yes,5179.2
CUST0165,Female,38,West,55,Standard,95.37,2,2019-09-25,No,5245.35
CUST0166,Male,23,East,26,Premium,41.55,1,2022-10-04,Yes,1080.3
CUST0167,Female,18,East,68,Basic,53.6,0,2022-06-27,No,3644.8
CUST0168,Male,22,West,34,Standard,66.57,4,2020-12-30,No,2263.38
CUST0169,Male,58,North,52,Standard,97.34,4,2022-11-27,No,5061.68
CUST0170,Female,29,West,52,Standard,111.5,2,2020-04-22,No,5798.0
CUST0171,Female,43,East,29,Basic,38.91,1,2020-10-23,No,1128.39
CUST0172,Male,63,North,38,Basic,112.24,1,2022-06-30,No,4265.12
CUST0173,Male,51,East,42,Standard,89.56,3,2020-05-06,No,3761.52
CUST0174,Female,66,North,21,Premium,81.08,0,2020-10-26,Yes,1702.68
CUST0175,Female,31,South,42,Standard,39.98,5,2018-01-08,Yes,1679.16
CUST0176,Female,43,East,13,Standard,25.55,1,2021-03-01,Yes,332.15
CUST0177,Male,62,East,64,Basic,76.85,5,2023-02-27,No,4918.4
CUST0178,Male,44,West,17,Standard,85.15,4,2019-04-29,Yes,1447.55
CUST0179,Male,26,East,9,Basic,41.08,5,2020-09-07,No,369.72
CUST0180,Male,43,East,41,Premium,75.65,0,2023-05-12,No,3101.65
CUST0181,Male,64,South,1,Premium,105.65,0,2023-03-09,No,105.65
CUST0182,Male,39,East,2,Standard,103.51,5,2018-05-19,No,207.02
CUST0183,Female,64,South,60,Premium,112.74,2,2018-12-04,Yes,6764.4
CUST0184,Male,47,South,48,Basic,56.59,1,2022-09-21,Yes,2716.32
CUST0185,Male,60,South,29,Standard,51.8,2,2017-11-11,No,1502.2
CUST0186,Male,65,South,10,Basic,94.94,5,2023-07-05,No,949.4
CUST0187,Female,34,North,58,Premium,63.11,1,2019-11-07,Yes,3660.38
CUST0188,Male,43,West,60,Basic,28.75,3,2017-10-10,Yes,1725.0
CUST0189,Male,53,North,21,Standard,48.28,2,2017-09-15,No,1013.88
CUST0190,Female,18,East,28,Premium,61.86,2,2018-07-29,Yes,1732.08
CUST0191,Male,25,North,34,Basic,49.25,5,2018-07-28,No,1674.5
CUST0192,Male,66,North,8,Basic,53.22,4,2019-11-09,No,425.76
CUST0193,Male,52,East,59,Standard,49.38,5,2021-04-02,No,2913.42
CUST0194,Male,69,East,49,Standard,24.15,2,2018-02-27,Yes,1183.35
CUST0195,Male,32,East,17,Basic,83.71,1,2021-01-29,Yes,1423.07
CUST0196,Female,64,North,60,Basic,79.73,4,2020-10-28,No,4783.8
CUST0197,Female,39,North,45,Basic,85.34,5,2019-01-28,No,3840.3
CUST0198,Female,31,East,69,Premium,39.23,5,2020-01-10,No,2706.87
CUST0199,Male,43,West,32,Standard,49.57,2,2021-04-24,No,1586.24
CUST0200,Male,45,West,44,Basic,81.96,2,2023-10-08,No,3606.24
CUST0201,Male,40,South,65,Basic,79.96,3,2018-03-05,Yes,5197.4
CUST0202,Female,31,East,8,Basic,70.63,5,2022-07-15,No,565.04
CUST0203,Male,41,South,43,Basic,55.04,2,2017-07-23,No,2366.72
CUST0204,Male,19,West,1,Standard,111.29,0,2023-02-22,Yes,111.29
CUST0205,Female,62,South,51,Basic,53.98,4,2023-05-22,Yes,2752.98
CUST0206,Male,43,East,24,Basic,65.56,0,2022-06-16,No,1573.44
CUST0207,Female,31,East,24,Standard,87.81,4,2023-02-22,No,2107.44
CUST0208,Female,68,East,17,Basic,74.3,5,2017-11-03,No,1263.1
CUST0209,Female,24,North,5,Standard,54.69,3,2021-08-15,No,273.45
CUST0210,Male,20,South,20,Standard,63.56,2,2017-01-14,Yes,1271.2
CUST0211,Male,64,West,21,Standard,99.45,2,2022-02-04,No,2088.45
CUST0212,Male,40,West,58,Standard,47.81,2,2022-05-16,No,2772.98
CUST0213,Male,63,West,31,Standard,34.23,5,2019-12-17,No,1061.13
CUST0214,Male,60,North,11,Premium,51.32,4,2018-12-24,No,564.52
CUST0215,Male,64,North,52,Standard,104.95,2,2019-02-19,Yes,5457.4
CUST0216,Male,62,East,15,Standard,28.9,0,2020-05-18,No,433.5
CUST0217,Female,35,West,7,Premium,119.17,2,2018-06-13,Yes,834.19
CUST0218,Male,55,North,28,Standard,74.1,5,2019-03-09,No,2074.8
CUST0219,Female,52,East,51,Basic,118.48,3,2017-12-10,No,6042.48
CUST0220,Male,68,West,58,Basic,113.9,0,2020-07-26,No,6606.2
CUST0221,Male,32,South,5,Basic,65.28,2,2017-07-28,No,326.4
CUST0222,Male,42,East,5,Premium,39.85,2,2018-10-03,Yes,199.25
CUST0223,Female,54,North,8,Standard,36.49,1,2020-08-04,No,291.92
CUST0224,Female,45,North,64,Premium,44.0,4,2023-04-19,No,2816.0
CUST0225,Female,27,East,10,Standard,91.01,0,2023-05-08,Yes,910.1
CUST0226,Female,56,East,38,Standard,47.29,1,2022-05-02,No,1797.02
CUST0227,Male,34,North,8,Basic,54.14,3,2019-07-09,No,433.12
CUST0228,Female,56,South,25,Standard,64.88,4,2021-09-20,Yes,1622.0
CUST0229,Male,39,West,66,Standard,111.32,0,2022-08-07,No,7347.12
CUST0230,Male,43,South,50,Premium,38.94,2,2018-02-23,Yes,1947.0
CUST0231,Female,61,East,67,Basic,20.5,0,2021-10-16,No,1373.5
CUST0232,Female,42,South,49,Standard,26.01,2,2020-10-20,Yes,1274.49
CUST0233,Female,34,North,36,Standard,110.48,4,2020-01-05,No,3977.28
CUST0234,Female,30,East,68,Standard,84.75,2,2023-10-17,No,5763.0
CUST0235,Female,37,West,41,Standard,47.3,3,2022-11-27,No,1939.3
CUST0236,Female,42,North,62,Standard,37.72,5,2021-03-26,No,2338.64
CUST0237,Female,21,North,10,Basic,49.43,2,2019-12-07,No,494.3
CUST0238,Female,27,West,21,Standard,31.48,3,2023-08-24,No,661.08
CUST0239,Male,20,West,36,Standard,114.15,5,2022-01-25,Yes,4109.4
CUST0240,Female,58,South,12,Premium,98.42,4,2020-01-25,No,1181.04
CUST0241,Female,62,East,2,Premium,66.24,4,2019-08-16,No,132.48
CUST0242,Male,35,West,13,Basic,106.5,0,2017-04-13,No,1384.5
CUST0243,Female,64,West,53,Basic,44.95,3,2020-03-15,No,2382.35
CUST0244,Male,53,East,32,Premium,91.71,3,2022-03-19,No,2934.72
CUST0245,Male,64,West,16,Standard,105.61,1,2021-10-22,No,1689.76
CUST0246,Female,39,West,32,Premium,55.68,1,2018-11-10,No,1781.76
CUST0247,Male,51,South,32,Basic,95.75,5,2022-05-23,Yes,3064.0
CUST0248,Male,64,North,11,Standard,49.51,5,2019-09-16,No,544.61
CUST0249,Male,25,North,10,Premium,49.89,1,2020-01-11,No,498.9
CUST0250,Male,57,North,15,Premium,30.71,5,2023-10-12,No,460.65
CUST0251,Female,66,North,17,Basic,64.01,2,2021-05-27,No,1088.17
CUST0252,Male,61,West,40,Standard,92.97,1,2021-02-11,Yes,3718.8
CUST0253,Female,36,East,18,Standard,114.02,3,2021-11-25,No,2052.36
CUST0254,Male,59,East,55,Basic,80.38,2,2020-03-31,No,4420.9
CUST0255,Male,58,South,25,Standard,106.31,5,2019-07-21,Yes,2657.75
CUST0256,Male,54,South,59,Standard,102.25,4,2020-11-26,No,6032.75
CUST0257,Male,23,West,22,Premium,37.33,0,2019-11-28,Yes,821.26
CUST0258,Female,69,East,30,Standard,68.58,1,2022-06-02,No,2057.4
CUST0259,Female,43,East,44,Basic,31.69,4,2023-09-07,Yes,1394.36
CUST0260,Male,51,North,32,Basic,88.22,5,2022-08-05,No,2823.04
CUST0261,Male,62,West,51,Standard,114.99,3,2020-07-02,No,5864.49
CUST0262,Female,23,West,46,Basic,33.71,0,2020-04-17,No,1550.66
CUST0263,Male,54,North,21,Standard,93.39,4,2018-08-17,No,1961.19
CUST0264,Male,50,West,32,Basic,83.22,0,2023-09-03,No,2663.04
CUST0265,Male,39,West,39,Premium,78.36,1,2020-11-22,Yes,3056.04
CUST0266,Female,38,South,12,Premium,59.01,5,2023-01-15,Yes,708.12
CUST0267,Female,23,East,47,Standard,55.51,3,2019-10-25,No,2608.97
CUST0268,Female,23,West,18,Premium,24.52,5,2023-01-24,Yes,441.36
CUST0269,Male,65,South,21,Standard,41.79,0,2019-08-18,No,877.59
CUST0270,Male,21,East,13,Standard,21.52,4,2023-09-23,No,279.76
CUST0271,Female,47,North,21,Basic,78.14,1,2023-02-20,No,1640.94
CUST0272,Female,28,South,8,Standard,30.59,1,2023-04-02,No,244.72
CUST0273,Female,47,South,46,Standard,107.3,5,2020-03-19,Yes,4935.8
CUST0274,Female,48,East,7,Premium,72.31,4,2019-03-27,No,506.17
CUST0275,Male,41,North,23,Standard,89.97,4,2018-02-08,No,2069.31
CUST0276,Female,26,South,22,Premium,61.09,0,2019-06-12,No,1343.98
CUST0277,Male,20,West,22,Standard,76.06,5,2017-03-09,No,1673.32
CUST0278,Female,68,West,29,Basic,114.27,5,2017-03-29,Yes,3313.83
CUST0279,Male,48,West,13,Premium,28.27,2,2023-03-15,No,367.51
CUST0280,Female,57,North,2,Standard,45.39,5,2022-08-11,No,90.78
CUST0281,Female,54,South,29,Basic,98.0,1,2020-03-04,No,2842.0
CUST0282,Female,53,West,52,Standard,29.87,0,2021-09-17,No,1553.24
CUST0283,Female,41,North,27,Basic,27.57,4,2020-10-06,No,744.39
CUST0284,Male,48,West,50,Standard,56.15,5,2022-12-28,No,2807.5
CUST0285,Female,23,East,23,Standard,29.22,0,2022-12-21,Yes,672.06
CUST0286,Male,19,South,44,Standard,78.51,5,2021-07-02,No,3454.44
CUST0287,Male,37,South,22,Premium,42.63,4,2017-06-27,No,937.86
CUST0288,Male,45,North,43,Standard,109.57,3,2020-10-13,No,4711.51
CUST0289,Male,28,North,37,Basic,98.35,4,2023-08-25,No,3638.95
CUST0290,Female,21,South,61,Standard,89.97,4,2019-06-27,Yes,5488.17
CUST0291,Male,32,West,56,Premium,81.69,4,2023-11-03,No,4574.64
CUST0292,Male,23,West,3,Basic,106.35,5,2018-08-09,No,319.05
CUST0293,Male,66,East,63,Basic,42.31,2,2019-09-17,No,2665.53
CUST0294,Female,47,West,19,Basic,107.31,4,2020-02-06,No,2038.89
CUST0295,Female,55,North,23,Basic,98.95,1,2022-12-10,No,2275.85
CUST0296,Female,68,North,29,Premium,94.82,1,2022-08-27,Yes,2749.78
CUST0297,Female,19,West,30,Standard,76.13,0,2020-05-04,No,2283.9
CUST0298,Male,32,North,39,Basic,44.62,2,2023-07-03,No,1740.18
CUST0299,Male,28,South,25,Standard,62.35,0,2017-11-14,No,1558.75
CUST0300,Female,25,South,8,Basic,99.36,1,2021-02-11,No,794.88
CUST0301,Male,43,West,58,Premium,23.18,1,2022-07-28,No,1344.44
CUST0302,Male,68,South,16,Premium,98.21,3,2022-08-05,No,1571.36
CUST0303,Male,62,South,1,Basic,44.01,4,2018-05-18,Yes,44.01
CUST0304,Female,61,East,5,Premium,34.43,1,2022-07-16,No,172.15
CUST0305,Female,22,East,3,Standard,31.57,5,2017-04-29,No,94.71
CUST0306,Male,23,South,65,Basic,22.73,5,2018-12-11,No,1477.45
CUST0307,Female,43,West,4,Basic,72.36,0,2017-02-14,No,289.44
CUST0308,Female,21,East,64,Standard,41.83,0,2017-11-10,No,2677.12
CUST0309,Female,36,North,10,Standard,118.94,4,2018-02-22,No,1189.4
CUST0310,Female,37,North,21,Premium,77.44,4,2020-01-07,No,1626.24
CUST0311,Female,50,North,46,Standard,33.79,3,2017-11-22,No,1554.34
CUST0312,Male,37,West,27,Premium,88.88,2,2020-12-10,No,2399.76
CUST0313,Female,66,South,66,Standard,109.77,0,2022-06-10,No,7244.82
CUST0314,Male,29,North,41,Premium,94.52,4,2023-03-12,No,3875.32
CUST0315,Male,64,West,13,Standard,27.64,0,2017-03-15,No,359.32
CUST0316,Female,18,East,9,Basic,109.59,4,2021-05-22,No,986.31
CUST0317,Male,43,South,36,Standard,99.39,1,2018-05-24,No,3578.04
CUST0318,Male,31,East,58,Premium,35.83,0,2023-07-08,No,2078.14
CUST0319,Male,55,West,54,Basic,25.18,1,2018-11-19,No,1359.72
CUST0320,Female,54,North,12,Premium,75.73,0,2018-10-19,No,908.76
CUST0321,Female,28,North,14,Basic,35.6,2,2021-03-23,No,498.4
CUST0322,Male,53,West,34,Standard,103.46,3,2020-07-16,No,3517.64
CUST0323,Female,30,North,53,Premium,55.83,5,2020-10-31,No,2958.99
CUST0324,Female,60,South,20,Basic,111.29,5,2021-04-02,No,2225.8
CUST0325,Female,20,West,16,Basic,76.57,5,2019-12-12,Yes,1225.12
CUST0326,Female,50,East,70,Standard,38.27,1,2017-11-21,No,2678.9
CUST0327,Male,23,West,56,Premium,33.96,4,2019-09-19,No,1901.76
CUST0328,Male,67,South,58,Basic,77.65,5,2022-06-17,No,4503.7
CUST0329,Female,27,South,4,Premium,96.19,2,2018-12-18,No,384.76
CUST0330,Female,22,West,4,Basic,98.15,5,2017-10-04,Yes,392.6
CUST0331,Male,40,West,20,Premium,47.58,0,2017-06-01,Yes,951.6
CUST0332,Male,27,North,10,Premium,40.42,1,2019-08-13,No,404.2
CUST0333,Female,61,South,24,Standard,21.68,0,2021-02-15,No,520.32
CUST0334,Male,19,West,26,Standard,87.92,0,2017-09-16,No,2285.92
CUST0335,Female,30,West,37,Standard,27.66,0,2023-06-30,Yes,1023.42
CUST0336,Female,57,South,54,Standard,62.08,3,2019-05-19,Yes,3352.32
CUST0337,Male,19,West,21,Basic,80.17,3,2020-04-06,No,1683.57
CUST0338,Male,37,North,38,Basic,113.71,4,2018-11-19,No,4320.98
CUST0339,Female,18,South,46,Basic,51.18,1,2017-11-06,No,2354.28
CUST0340,Female,54,North,4,Standard,44.98,2,2021-02-11,No,179.92
CUST0341,Male,26,North,60,Basic,85.42,2,2018-04-18,No,5125.2
CUST0342,Female,34,North,57,Standard,81.92,2,2019-03-25,Yes,4669.44
CUST0343,Male,26,North,45,Premium,53.21,0,2019-04-26,Yes,2394.45
CUST0344,Female,28,South,20,Basic,112.81,3,2020-03-10,No,2256.2
CUST0345,Male,32,North,17,Standard,104.49,1,2018-10-29,No,1776.33
CUST0346,Male,41,North,71,Standard,42.4,0,2023-04-29,No,3010.4
CUST0347,Male,55,West,4,Premium,43.91,3,2021-12-14,No,175.64
CUST0348,Female,52,South,14,Premium,71.23,3,2020-12-14,No,997.22
CUST0349,Female,47,South,3,Premium,97.36,5,2021-11-03,No,292.08
CUST0350,Male,48,East,58,Premium,24.4,5,2020-06-18,No,1415.2
CUST0351,Female,66,South,55,Basic,89.33,1,2017-12-21,Yes,4913.15
CUST0352,Male,22,South,4,Premium,84.82,1,2022-02-16,No,339.28
CUST0353,Male,61,East,24,Standard,43.15,1,2022-07-18,No,1035.6
CUST0354,Female,67,South,34,Basic,88.14,0,2017-06-29,No,2996.76
CUST0355,Female,31,South,30,Premium,114.02,4,2017-03-07,No,3420.6
CUST0356,Male,28,South,19,Basic,24.68,1,2019-03-31,Yes,468.92
CUST0357,Female,26,South,31,Standard,51.97,5,2020-10-03,No,1611.07
CUST0358,Female,51,East,60,Basic,63.82,4,2017-06-20,Yes,3829.2
CUST0359,Male,29,South,60,Standard,109.93,0,2020-10-22,No,6595.8
CUST0360,Male,52,South,19,Standard,116.23,4,2020-02-05,No,2208.37
CUST0361,Female,52,East,49,Standard,64.41,2,2023-10-23,No,3156.09
CUST0362,Male,18,West,63,Standard,95.0,4,2019-04-15,No,5985.0
CUST0363,Male,57,North,22,Basic,73.17,1,2017-08-15,No,1609.74
CUST0364,Female,39,West,24,Premium,73.78,0,2018-03-18,No,1770.72
CUST0365,Male,46,East,30,Basic,47.81,1,2023-09-10,No,1434.3
CUST0366,Male,25,North,58,Standard,41.7,5,2018-12-29,Yes,2418.6
CUST0367,Female,28,East,31,Premium,48.8,2,2021-05-24,No,1512.8
CUST0368,Female,58,East,64,Premium,75.63,5,2022-11-02,No,4840.32
CUST0369,Male,54,South,19,Standard,22.92,1,2019-11-03,No,435.48
CUST0370,Male,31,North,48,Standard,110.72,1,2022-01-07,No,5314.56
CUST0371,Female,47,South,45,Premium,35.63,1,2022-01-23,No,1603.35
CUST0372,Female,52,North,55,Premium,42.01,3,2018-05-08,No,2310.55
CUST0373,Female,38,East,55,Standard,71.83,2,2021-03-29,Yes,3950.65
CUST0374,Female,54,East,18,Basic,91.01,1,2020-02-18,No,1638.18
CUST0375,Male,22,West,63,Basic,29.57,1,2019-08-28,No,1862.91
CUST0376,Female,36,North,47,Basic,51.77,5,2023-07-29,No,2433.19
CUST0377,Female,31,South,57,Standard,116.87,5,2022-09-19,No,6661.59
CUST0378,Male,43,West,45,Basic,46.23,1,2018-10-02,No,2080.35
CUST0379,Female,21,West,33,Standard,51.31,0,2017-06-22,No,1693.23
CUST0380,Male,42,West,17,Basic,103.65,3,2021-04-20,Yes,1762.05
CUST0381,Female,62,South,70,Basic,25.02,5,2017-09-16,Yes,1751.4
CUST0382,Female,59,West,4,Premium,66.46,0,2018-06-01,No,265.84
CUST0383,Female,42,South,20,Standard,57.96,3,2018-06-07,No,1159.2
CUST0384,Male,35,West,47,Basic,51.66,1,2022-04-02,No,2428.02
CUST0385,Male,57,South,15,Premium,48.57,2,2022-12-05,No,728.55
CUST0386,Female,25,East,70,Basic,29.14,4,2023-02-10,No,2039.8
CUST0387,Male,56,East,47,Standard,51.48,4,2022-04-14,No,2419.56
CUST0388,Male,57,East,9,Standard,24.31,1,2020-02-14,Yes,218.79
CUST0389,Male,31,East,16,Basic,98.1,5,2023-01-19,No,1569.6
CUST0390,Male,49,East,69,Premium,59.82,0,2019-04-19,No,4127.58
CUST0391,Male,68,West,61,Standard,64.39,2,2019-12-26,No,3927.79
CUST0392,Male,55,West,10,Standard,109.36,3,2019-12-30,No,1093.6
CUST0393,Female,50,West,50,Basic,85.81,1,2023-10-31,No,4290.5
CUST0394,Female,40,South,3,Basic,20.81,2,2023-09-30,No,62.43
CUST0395,Male,32,South,70,Premium,114.32,2,2023-10-25,No,8002.4
CUST0396,Female,50,South,51,Basic,43.71,5,2022-05-24,Yes,2229.21
CUST0397,Female,42,South,19,Standard,30.76,3,2023-09-10,No,584.44
CUST0398,Female,34,East,42,Standard,96.81,2,2021-04-24,No,4066.02
CUST0399,Female,50,East,35,Standard,70.05,5,2021-04-30,No,2451.75
CUST0400,Male,64,East,46,Basic,63.38,0,2023-09-09,No,2915.48
CUST0401,Female,19,North,26,Basic,44.95,5,2023-07-02,No,1168.7
CUST0402,Female,31,West,69,Standard,74.75,0,2020-01-20,No,5157.75
CUST0403,Male,57,South,64,Basic,47.44,0,2019-01-20,No,3036.16
CUST0404,Male,57,South,37,Basic,110.16,2,2019-12-30,No,4075.92
CUST0405,Female,68,East,49,Basic,41.52,5,2020-04-04,No,2034.48
CUST0406,Female,56,South,21,Standard,108.44,0,2023-03-12,No,2277.24
CUST0407,Female,68,South,64,Premium,75.94,3,2022-02-19,No,4860.16
CUST0408,Female,23,West,5,Basic,102.85,2,2021-11-23,Yes,514.25
CUST0409,Female,23,East,70,Basic,91.28,5,2023-08-14,No,6389.6
CUST0410,Female,20,West,4,Basic,89.67,5,2021-05-27,Yes,358.68
CUST0411,Male,24,North,39,Standard,52.43,4,2017-02-18,No,2044.77
CUST0412,Female,68,North,35,Standard,43.39,5,2019-12-12,No,1518.65
CUST0413,Female,25,North,1,Standard,41.09,2,2020-08-05,No,41.09
CUST0414,Male,59,East,24,Standard,105.72,3,2021-07-08,No,2537.28
CUST0415,Male,69,South,57,Standard,102.04,5,2022-12-21,No,5816.28
CUST0416,Male,32,East,70,Premium,64.06,4,2020-04-04,Yes,4484.2
CUST0417,Male,64,East,41,Premium,33.24,2,2020-10-29,No,1362.84
CUST0418,Female,46,South,54,Basic,58.23,0,2023-08-18,No,3144.42
CUST0419,Female,50,West,46,Basic,81.93,1,2022-01-03,No,3768.78
CUST0420,Female,69,North,60,Basic,65.44,1,2018-04-24,Yes,3926.4
CUST0421,Female,47,West,60,Basic,98.02,0,2019-04-12,No,5881.2
CUST0422,Female,56,North,57,Premium,119.76,5,2021-06-03,No,6826.32
CUST0423,Female,44,East,31,Standard,39.11,1,2018-11-13,No,1212.41
CUST0424,Male,53,North,24,Basic,65.97,1,2020-08-16,No,1583.28
CUST0425,Female,46,East,36,Standard,63.1,0,2017-03-23,No,2271.6
CUST0426,Male,55,West,30,Standard,50.45,5,2017-03-28,No,1513.5
CUST0427,Male,50,East,24,Basic,39.81,5,2023-03-23,No,955.44
CUST0428,Female,54,West,30,Basic,26.57,0,2022-08-26,Yes,797.1
CUST0429,Male,44,South,7,Standard,108.71,5,2019-04-02,No,760.97
CUST0430,Female,50,South,35,Standard,61.98,5,2017-06-12,No,2169.3
CUST0431,Male,21,South,55,Basic,69.69,2,2023-07-26,Yes,3832.95
CUST0432,Female,39,East,14,Basic,111.69,2,2022-04-17,No,1563.66
CUST0433,Male,19,South,10,Standard,97.63,0,2022-01-25,No,976.3
CUST0434,Female,27,North,16,Basic,33.05,3,2022-02-04,No,528.8
CUST0435,Female,22,West,54,Standard,76.54,1,2020-01-21,No,4133.16
CUST0436,Female,27,West,70,Standard,64.23,2,2023-02-07,No,4496.1
CUST0437,Female,50,North,44,Basic,99.72,1,2022-02-26,No,4387.68
CUST0438,Female,55,East,45,Premium,92.42,4,2019-07-12,No,4158.9
CUST0439,Male,30,East,56,Standard,89.04,0,2022-12-16,No,4986.24
CUST0440,Male,48,West,57,Basic,54.05,3,2020-12-20,No,3080.85
CUST0441,Male,64,South,21,Standard,100.5,4,2021-05-02,No,2110.5
CUST0442,Female,53,East,68,Standard,25.24,4,2018-07-19,No,1716.32
CUST0443,Male,62,East,50,Standard,35.96,5,2018-04-16,Yes,1798.0
CUST0444,Female,41,North,33,Basic,53.56,4,2019-09-15,Yes,1767.48
CUST0445,Female,69,North,7,Premium,27.68,0,2022-04-19,No,193.76
CUST0446,Male,32,South,70,Standard,43.5,2,2017-08-12,No,3045.0
CUST0447,Male,46,East,15,Basic,103.02,0,2023-01-11,Yes,1545.3
CUST0448,Female,25,East,32,Basic,114.83,2,2017-12-17,No,3674.56
CUST0449,Male,22,North,20,Basic,50.46,4,2022-04-13,Yes,1009.2
CUST0450,Female,46,East,15,Premium,46.45,4,2017-12-15,No,696.75
CUST0451,Female,64,West,48,Basic,47.99,3,2017-07-01,No,2303.52
CUST0452,Female,21,North,71,Basic,47.77,2,2018-09-29,No,3391.67
CUST0453,Female,29,South,21,Premium,23.59,4,2019-10-15,No,495.39
CUST0454,Female,62,North,42,Basic,112.69,5,2023-02-05,Yes,4732.98
CUST0455,Male,19,East,26,Basic,41.37,1,2019-02-11,No,1075.62
CUST0456,Male,44,South,14,Basic,62.0,3,2019-10-13,No,868.0
CUST0457,Female,48,North,57,Basic,20.97,0,2022-10-13,No,1195.29
CUST0458,Female,68,West,37,Basic,105.8,3,2017-01-29,No,3914.6
CUST0459,Male,68,West,58,Standard,93.12,1,2023-08-17,No,5400.96
CUST0460,Male,53,North,21,Basic,114.68,2,2022-11-15,No,2408.28
CUST0461,Female,53,West,69,Basic,98.16,0,2022-03-09,Yes,6773.04
CUST0462,Male,43,West,3,Standard,51.37,0,2021-01-05,No,154.11
CUST0463,Female,60,West,37,Standard,44.79,2,2020-05-11,No,1657.23
CUST0464,Male,44,South,49,Standard,89.77,3,2022-08-31,Yes,4398.73
CUST0465,Female,22,West,19,Standard,56.41,4,2020-01-31,No,1071.79
CUST0466,Male,37,West,12,Basic,76.62,3,2017-03-07,No,919.44
CUST0467,Female,28,West,61,Standard,20.63,1,2020-02-09,No,1258.43
CUST0468,Male,27,South,41,Standard,26.19,5,2017-12-04,No,1073.79
CUST0469,Male,57,North,33,Basic,73.54,4,2022-12-11,No,2426.82
CUST0470,Female,55,East,50,Premium,76.61,3,2021-09-25,No,3830.5
CUST0471,Male,23,West,68,Basic,95.15,5,2018-03-23,Yes,6470.2
CUST0472,Female,25,North,71,Standard,33.2,5,2017-10-08,No,2357.2
CUST0473,Male,40,West,33,Basic,71.32,2,2018-08-19,Yes,2353.56
CUST0474,Female,64,South,24,Standard,39.44,1,2022-06-10,No,946.56
CUST0475,Male,43,North,61,Standard,29.32,1,2019-12-11,No,1788.52
CUST0476,Female,63,South,61,Premium,61.05,1,2017-07-29,No,3724.05
CUST0477,Male,60,West,28,Basic,36.33,4,2017-05-06,No,1017.24
CUST0478,Female,29,West,58,Standard,42.18,0,2018-05-07,No,2446.44
CUST0479,Male,43,South,43,Standard,51.76,4,2019-08-28,No,2225.68
CUST0480,Female,30,East,41,Standard,45.94,3,2018-08-04,No,1883.54
CUST0481,Female,57,South,39,Standard,28.76,5,2023-04-25,No,1121.64
CUST0482,Female,35,West,49,Standard,28.99,5,2020-04-26,No,1420.51
CUST0483,Male,42,South,17,Standard,39.32,0,2017-08-18,Yes,668.44
CUST0484,Female,50,East,70,Basic,25.06,3,2017-07-08,No,1754.2
CUST0485,Male,64,South,70,Standard,82.65,0,2022-08-20,Yes,5785.5
CUST0486,Female,57,East,65,Basic,48.73,5,2018-05-17,No,3167.45
CUST0487,Male,60,East,5,Premium,47.97,4,2022-11-03,No,239.85
CUST0488,Female,29,South,2,Standard,53.2,1,2017-02-18,No,106.4
CUST0489,Male,61,South,22,Premium,86.28,5,2018-11-20,Yes,1898.16
CUST0490,Male,53,North,57,Basic,107.06,2,2018-01-22,Yes,6102.42
CUST0491,Female,65,West,66,Premium,95.91,1,2019-08-28,No,6330.06
CUST0492,Male,21,East,16,Premium,92.75,5,2019-10-03,No,1484.0
CUST0493,Male,22,North,51,Standard,68.44,4,2023-03-16,No,3490.44
CUST0494,Female,54,South,39,Standard,89.38,0,2021-09-21,No,3485.82
CUST0495,Male,25,West,40,Basic,75.28,1,2022-06-28,No,3011.2
CUST0496,Male,59,North,38,Premium,41.63,4,2023-04-22,No,1581.94
CUST0497,Male,66,East,60,Standard,40.86,3,2023-04-03,No,2451.6
CUST0498,Female,45,North,59,Basic,49.64,2,2021-05-27,No,2928.76
CUST0499,Male,48,East,10,Basic,111.08,1,2021-11-25,Yes,1110.8
CUST0500,Female,26,South,64,Premium,74.74,0,2017-09-28,No,4783.36
CUST0501,Male,68,West,63,Premium,93.39,3,2017-05-03,Yes,5883.57
CUST0502,Male,46,West,49,Premium,54.66,4,2020-07-04,No,2678.34
CUST0503,Male,31,West,64,Standard,60.77,2,2020-12-15,Yes,3889.28
CUST0504,Female,57,South,32,Basic,32.56,0,2017-09-16,No,1041.92
CUST0505,Male,58,East,7,Basic,37.13,4,2019-08-06,No,259.91
CUST0506,Male,39,South,21,Basic,102.74,4,2022-09-26,Yes,2157.54
CUST0507,Female,28,West,20,Basic,78.48,1,2019-05-13,Yes,1569.6
CUST0508,Male,40,South,26,Basic,53.75,1,2018-06-09,No,1397.5
CUST0509,Female,18,South,68,Basic,100.29,0,2019-06-07,Yes,6819.72
CUST0510,Female,63,South,15,Standard,44.65,5,2017-07-27,Yes,669.75
CUST0511,Male,54,East,14,Premium,117.6,5,2017-05-29,No,1646.4
CUST0512,Female,38,North,27,Standard,54.48,4,2018-03-14,No,1470.96
CUST0513,Male,43,North,40,Premium,53.73,1,2023-01-12,No,2149.2
CUST0514,Female,63,South,58,Standard,51.19,2,2021-09-18,No,2969.02
CUST0515,Female,53,North,28,Basic,32.21,2,2017-12-24,No,901.88
CUST0516,Male,40,North,26,Basic,31.11,4,2020-05-25,Yes,808.86
CUST0517,Female,18,South,63,Basic,84.81,1,2022-04-15,No,5343.03
CUST0518,Female,68,South,66,Basic,107.51,0,2018-04-01,No,7095.66
CUST0519,Female,57,West,25,Standard,99.05,0,2021-06-21,No,2476.25
CUST0520,Female,32,North,3,Basic,34.11,0,2018-09-21,No,102.33
CUST0521,Female,38,East,44,Basic,74.56,2,2018-05-01,No,3280.64
CUST0522,Male,64,South,42,Basic,30.56,1,2017-07-19,No,1283.52
CUST0523,Female,26,West,6,Premium,24.53,1,2018-01-06,No,147.18
CUST0524,Male,26,East,39,Standard,85.64,2,2019-10-11,No,3339.96
CUST0525,Female,27,North,52,Standard,73.52,0,2022-06-06,Yes,3823.04
CUST0526,Male,69,West,23,Basic,28.2,0,2021-01-11,No,648.6
CUST0527,Male,43,South,50,Standard,23.49,4,2017-09-05,Yes,1174.5
CUST0528,Female,58,East,43,Standard,118.98,5,2019-02-27,No,5116.14
CUST0529,Female,52,South,19,Standard,23.0,3,2023-05-01,Yes,437.0
CUST0530,Female,69,North,69,Premium,64.45,5,2022-09-10,Yes,4447.05
CUST0531,Male,42,East,51,Basic,70.46,1,2021-03-02,No,3593.46
CUST0532,Female,43,North,11,Premium,31.73,1,2020-06-26,Yes,349.03
CUST0533,Male,28,North,12,Premium,36.91,1,2018-08-28,No,442.92
CUST0534,Male,55,West,8,Basic,55.18,5,2021-08-17,No,441.44
CUST0535,Male,19,South,24,Standard,96.17,3,2020-11-18,No,2308.08
CUST0536,Female,24,East,41,Premium,70.71,4,2021-12-26,No,2899.11
CUST0537,Female,35,North,36,Basic,83.79,5,2018-05-17,No,3016.44
CUST0538,Male,44,North,55,Standard,118.52,3,2018-07-03,No,6518.6
CUST0539,Male,51,East,9,Premium,96.8,0,2020-09-27,Yes,871.2
CUST0540,Female,44,North,47,Standard,63.44,0,2019-04-19,Yes,2981.68
CUST0541,Male,34,West,15,Basic,64.64,1,2020-12-01,No,969.6
CUST0542,Female,60,West,48,Standard,81.88,2,2020-12-19,No,3930.24
CUST0543,Male,61,West,42,Basic,86.54,1,2019-04-28,No,3634.68
CUST0544,Female,68,West,60,Standard,70.07,2,2018-09-06,No,4204.2
CUST0545,Male,41,North,70,Basic,84.49,3,2018-02-16,No,5914.3
CUST0546,Female,42,East,12,Standard,22.35,0,2023-10-16,Yes,268.2
CUST0547,Male,24,East,2,Standard,62.96,5,2018-11-09,No,125.92
CUST0548,Female,69,East,7,Standard,47.89,2,2017-06-08,No,335.23
CUST0549,Female,23,East,3,Standard,32.92,3,2022-08-24,No,98.76
CUST0550,Male,41,South,3,Standard,29.95,0,2018-01-08,No,89.85
CUST0551,Male,50,East,27,Standard,80.32,5,2023-03-23,Yes,2168.64
CUST0552,Female,66,South,40,Basic,72.36,2,2020-01-02,No,2894.4
CUST0553,Male,46,South,33,Standard,45.36,1,2018-08-26,No,1496.88
CUST0554,Female,60,West,1,Basic,67.1,1,2017-08-04,Yes,67.1
CUST0555,Male,39,South,8,Premium,69.22,1,2022-06-20,No,553.76
CUST0556,Female,43,North,32,Basic,39.5,3,2021-04-14,No,1264.0
CUST0557,Female,45,South,48,Standard,85.21,1,2022-01-15,No,4090.08
CUST0558,Female,67,West,4,Standard,98.09,4,2022-05-17,No,392.36
CUST0559,Female,38,South,70,Standard,99.15,0,2018-12-28,Yes,6940.5
CUST0560,Female,66,North,19,Basic,80.25,3,2020-05-29,No,1524.75
CUST0561,Female,24,North,32,Standard,71.16,5,2019-12-02,No,2277.12
CUST0562,Male,34,North,9,Standard,26.1,1,2018-11-07,No,234.9
CUST0563,Male,37,West,12,Standard,48.78,0,2017-10-10,Yes,585.36
CUST0564,Male,58,West,11,Basic,29.33,2,2019-12-18,No,322.63
CUST0565,Female,66,East,46,Standard,116.38,1,2022-03-24,No,5353.48
CUST0566,Female,37,West,16,Standard,33.51,0,2020-02-27,No,536.16
CUST0567,Female,39,North,1,Standard,35.18,4,2019-08-06,No,35.18
CUST0568,Female,45,North,63,Standard,108.96,2,2018-10-27,Yes,6864.48
CUST0569,Male,57,West,21,Standard,114.39,4,2021-09-14,No,2402.19
CUST0570,Male,66,South,30,Basic,96.58,5,2020-02-23,Yes,2897.4
CUST0571,Female,24,West,13,Basic,20.54,0,2017-03-08,No,267.02
CUST0572,Male,18,West,34,Basic,20.13,4,2022-08-16,No,684.42
CUST0573,Male,49,North,4,Basic,57.81,5,2018-09-29,No,231.24
CUST0574,Female,30,East,28,Standard,34.34,0,2017-11-10,No,961.52
CUST0575,Male,47,North,59,Standard,21.84,0,2018-07-19,No,1288.56
CUST0576,Female,40,East,27,Basic,66.41,4,2021-05-21,No,1793.07
CUST0577,Male,68,North,69,Premium,114.31,0,2019-04-06,Yes,7887.39
CUST0578,Female,36,West,25,Basic,52.38,1,2020-01-11,Yes,1309.5
CUST0579,Female,49,North,3,Standard,86.11,0,2019-10-23,No,258.33
CUST0580,Female,47,North,68,Standard,85.22,3,2023-03-02,Yes,5794.96
CUST0581,Female,46,North,25,Basic,45.11,5,2018-10-24,No,1127.75
CUST0582,Male,66,West,20,Basic,85.04,0,2019-03-16,No,1700.8
CUST0583,Female,62,West,34,Standard,41.23,3,2023-09-18,No,1401.82
CUST0584,Female,46,West,26,Basic,32.2,0,2018-06-20,No,837.2
CUST0585,Female,47,West,5,Premium,90.14,0,2020-10-23,No,450.7
CUST0586,Male,33,East,61,Standard,31.34,4,2020-05-20,No,1911.74
CUST0587,Female,57,East,9,Premium,119.69,1,2022-04-05,No,1077.21
CUST0588,Male,36,South,50,Basic,38.35,5,2022-12-05,No,1917.5
CUST0589,Female,35,West,6,Standard,79.41,1,2018-09-20,Yes,476.46
CUST0590,Male,18,East,60,Standard,61.14,2,2019-01-19,No,3668.4
CUST0591,Male,31,North,44,Standard,32.64,4,2017-04-15,No,1436.16
CUST0592,Female,68,West,11,Basic,22.78,4,2017-02-15,No,250.58
CUST0593,Male,64,South,66,Standard,82.27,1,2020-09-16,Yes,5429.82
CUST0594,Female,67,South,47,Standard,100.68,4,2020-05-24,Yes,4731.96
CUST0595,Female,19,South,3,Standard,104.2,1,2019-09-09,No,312.6
CUST0596,Female,45,North,30,Basic,68.27,4,2019-08-18,No,2048.1
CUST0597,Male,66,East,21,Premium,97.75,0,2021-02-24,No,2052.75
CUST0598,Male,67,North,28,Basic,87.28,1,2022-01-11,No,2443.84
CUST0599,Female,47,West,62,Premium,92.43,1,2023-11-02,No,5730.66
CUST0600,Female,55,South,33,Premium,69.26,3,2021-01-21,No,2285.58
CUST0601,Male,68,North,35,Premium,83.34,4,2021-04-09,No,2916.9
CUST0602,Female,21,North,52,Standard,100.55,4,2021-02-16,Yes,5228.6
CUST0603,Female,18,East,34,Standard,59.79,1,2022-08-26,No,2032.86
CUST0604,Female,25,East,41,Premium,100.6,0,2022-06-24,No,4124.6
CUST0605,Male,46,South,51,Basic,79.2,0,2023-04-10,No,4039.2
CUST0606,Male,56,North,47,Standard,36.59,5,2022-05-28,No,1719.73
CUST0607,Male,20,North,58,Standard,22.47,0,2019-07-01,No,1303.26
CUST0608,Female,49,East,57,Standard,56.28,4,2020-07-18,No,3207.96
CUST0609,Female,27,North,23,Basic,74.67,3,2021-12-08,No,1717.41
CUST0610,Female,27,North,48,Standard,103.98,1,2021-10-20,No,4991.04
CUST0611,Male,36,North,22,Premium,32.75,2,2017-04-25,Yes,720.5
CUST0612,Female,63,East,17,Basic,100.02,3,2021-05-23,Yes,1700.34
CUST0613,Female,51,South,69,Premium,106.3,2,2020-08-15,No,7334.7
CUST0614,Female,50,West,11,Basic,35.07,3,2022-02-04,No,385.77
CUST0615,Female,40,South,15,Basic,105.16,0,2023-09-11,No,1577.4
CUST0616,Male,45,West,35,Basic,119.15,4,2023-09-08,No,4170.25
CUST0617,Male,49,North,33,Basic,92.68,2,2020-01-04,No,3058.44
CUST0618,Female,67,South,16,Premium,98.48,3,2019-09-05,No,1575.68
CUST0619,Male,24,West,34,Basic,119.44,4,2021-02-14,Yes,4060.96
CUST0620,Male,46,East,66,Standard,80.55,2,2020-02-01,Yes,5316.3
CUST0621,Female,25,East,40,Basic,50.79,1,2017-10-24,No,2031.6
CUST0622,Female,18,South,28,Standard,103.75,3,2023-02-04,Yes,2905.0
CUST0623,Male,20,South,47,Standard,81.45,1,2023-06-21,No,3828.15
CUST0624,Female,41,North,39,Basic,78.12,0,2019-11-29,No,3046.68
CUST0625,Male,40,South,70,Basic,45.36,1,2017-09-16,No,3175.2
CUST0626,Female,25,North,20,Premium,95.63,1,2022-08-17,Yes,1912.6
CUST0627,Male,64,North,1,Basic,28.17,5,2022-09-28,No,28.17
CUST0628,Female,54,East,63,Standard,112.43,3,2023-01-18,No,7083.09
CUST0629,Male,20,East,67,Basic,52.58,0,2022-03-08,No,3522.86
CUST0630,Male,68,West,4,Standard,32.78,1,2017-06-25,No,131.12
CUST0631,Male,50,East,58,Basic,64.24,4,2019-09-28,Yes,3725.92
CUST0632,Female,45,East,25,Standard,24.25,2,2022-04-03,No,606.25
CUST0633,Male,64,South,47,Basic,88.46,1,2021-07-26,No,4157.62
CUST0634,Male,25,East,38,Premium,110.27,0,2017-10-03,No,4190.26
CUST0635,Female,51,West,15,Basic,103.73,1,2018-11-07,No,1555.95
CUST0636,Female,52,South,63,Standard,32.74,2,2021-12-29,No,2062.62
CUST0637,Male,49,West,21,Standard,32.63,0,2019-11-18,Yes,685.23
CUST0638,Male,41,East,57,Basic,101.34,3,2020-09-18,No,5776.38
CUST0639,Female,31,West,53,Standard,112.43,0,2022-10-05,No,5958.79
CUST0640,Female,49,South,46,Basic,66.07,3,2018-07-01,No,3039.22
CUST0641,Female,63,North,14,Premium,69.9,0,2020-02-10,No,978.6
CUST0642,Female,60,West,17,Premium,51.83,2,2022-09-15,No,881.11
CUST0643,Female,33,West,39,Premium,109.43,2,2022-08-03,No,4267.77
CUST0644,Male,21,South,9,Basic,84.49,0,2018-03-15,Yes,760.41
CUST0645,Female,69,South,6,Standard,48.83,1,2021-10-19,No,292.98
CUST0646,Male,54,West,23,Standard,49.88,2,2021-06-04,No,1147.24
CUST0647,Male,38,East,59,Premium,109.12,3,2022-01-24,No,6438.08
CUST0648,Male,31,West,46,Standard,21.36,3,2021-05-20,No,982.56
CUST0649,Female,48,South,38,Premium,52.27,4,2021-07-22,No,1986.26
CUST0650,Male,65,North,14,Standard,75.44,5,2017-11-03,No,1056.16
CUST0651,Male,35,North,62,Standard,34.82,5,2018-09-11,No,2158.84
CUST0652,Female,24,East,35,Basic,29.21,5,2020-02-07,No,1022.35
CUST0653,Male,27,West,19,Standard,101.53,3,2020-10-27,No,1929.07
CUST0654,Male,24,North,30,Standard,109.44,4,2023-08-02,No,3283.2
CUST0655,Female,50,West,25,Standard,102.36,5,2023-02-07,No,2559.0
CUST0656,Male,40,South,40,Standard,109.88,5,2020-10-11,Yes,4395.2
CUST0657,Male,38,North,14,Standard,75.31,0,2021-08-27,No,1054.34
CUST0658,Male,36,East,26,Basic,101.23,0,2022-10-17,No,2631.98
CUST0659,Female,65,South,22,Standard,58.4,0,2023-05-29,Yes,1284.8
CUST0660,Female,36,East,48,Standard,86.63,1,2017-06-30,No,4158.24
CUST0661,Female,53,South,51,Standard,118.88,5,2023-10-18,No,6062.88
CUST0662,Male,46,North,3,Basic,42.57,1,2021-01-27,No,127.71
CUST0663,Male,35,East,42,Basic,58.99,4,2019-07-03,No,2477.58
CUST0664,Female,19,East,19,Basic,68.0,3,2021-04-07,Yes,1292.0
CUST0665,Male,18,South,28,Standard,33.8,5,2022-10-15,No,946.4
CUST0666,Male,64,East,45,Basic,28.1,3,2019-11-11,No,1264.5
CUST0667,Female,22,South,71,Standard,102.97,0,2021-06-24,No,7310.87
CUST0668,Female,37,South,63,Premium,117.68,5,2023-08-29,No,7413.84
CUST0669,Male,28,South,19,Basic,60.47,2,2021-06-27,No,1148.93
CUST0670,Male,59,South,47,Standard,28.76,1,2021-05-02,No,1351.72
CUST0671,Male,19,North,14,Standard,26.58,1,2022-09-18,No,372.12
CUST0672,Female,20,South,38,Premium,109.13,5,2020-08-01,No,4146.94
CUST0673,Female,40,West,53,Standard,66.38,0,2019-04-02,No,3518.14
CUST0674,Female,29,East,61,Standard,52.0,1,2018-08-25,Yes,3172.0
CUST0675,Female,37,West,36,Premium,67.65,0,2021-06-09,Yes,2435.4
CUST0676,Male,22,North,40,Standard,51.83,4,2019-02-24,No,2073.2
CUST0677,Female,54,West,30,Premium,68.9,3,2020-04-26,No,2067.0
CUST0678,Female,55,East,9,Basic,105.96,2,2018-11-02,No,953.64
CUST0679,Female,47,West,64,Premium,79.23,3,2020-06-20,Yes,5070.72
CUST0680,Female,26,North,33,Standard,89.47,3,2020-01-02,Yes,2952.51
CUST0681,Female,51,South,52,Standard,56.47,4,2022-06-21,No,2936.44
CUST0682,Male,61,West,14,Basic,93.85,1,2017-04-11,No,1313.9
CUST0683,Male,52,North,53,Standard,86.66,2,2021-11-15,No,4592.98
CUST0684,Female,69,North,59,Basic,31.96,1,2017-06-25,No,1885.64
CUST0685,Male,39,East,41,Premium,77.26,5,2017-08-26,No,3167.66
CUST0686,Female,61,East,68,Premium,45.67,3,2020-01-28,No,3105.56
CUST0687,Female,41,West,68,Basic,100.41,5,2022-06-01,No,6827.88
CUST0688,Male,34,South,8,Premium,62.59,0,2022-06-27,No,500.72
CUST0689,Male,27,North,2,Standard,119.47,3,2021-03-18,No,238.94
CUST0690,Female,47,West,41,Standard,29.25,1,2019-01-25,No,1199.25
CUST0691,Female,63,North,55,Basic,98.03,3,2023-03-09,Yes,5391.65
CUST0692,Female,40,North,16,Basic,87.37,0,2020-02-21,No,1397.92
CUST0693,Male,49,South,62,Basic,96.75,4,2020-11-12,No,5998.5
CUST0694,Female,34,South,48,Basic,50.75,5,2017-05-20,No,2436.0
CUST0695,Female,67,West,30,Premium,69.21,5,2018-06-25,Yes,2076.3
CUST0696,Female,68,South,12,Basic,99.65,1,2020-11-15,No,1195.8
CUST0697,Male,34,South,35,Premium,43.25,3,2017-09-27,Yes,1513.75
CUST0698,Female,31,West,11,Basic,42.6,1,2019-11-02,No,468.6
CUST0699,Female,26,South,64,Standard,75.11,4,2022-03-06,No,4807.04
CUST0700,Male,57,East,50,Standard,72.36,3,2018-05-21,No,3618.0
CUST0701,Female,19,North,21,Premium,48.23,3,2020-02-04,No,1012.83
CUST0702,Female,62,North,69,Basic,49.81,1,2022-09-11,No,3436.89
CUST0703,Male,42,North,48,Standard,47.78,1,2022-02-16,No,2293.44
CUST0704,Female,56,North,20,Standard,97.15,0,2019-12-29,No,1943.0
CUST0705,Male,26,West,67,Basic,85.19,4,2019-03-24,No,5707.73
CUST0706,Male,39,North,44,Basic,103.24,0,2017-12-28,No,4542.56
CUST0707,Female,60,North,33,Standard,117.55,5,2020-12-27,No,3879.15
CUST0708,Female,63,North,61,Standard,67.42,3,2019-07-18,No,4112.62
CUST0709,Female,21,North,9,Standard,26.67,1,2017-04-10,No,240.03
CUST0710,Female,43,East,68,Basic,24.81,3,2021-08-09,No,1687.08
CUST0711,Male,46,North,35,Standard,49.57,3,2022-08-19,No,1734.95
CUST0712,Female,62,East,65,Standard,113.25,2,2019-11-19,No,7361.25
CUST0713,Male,51,West,8,Standard,72.32,5,2019-07-10,No,578.56
CUST0714,Female,40,South,45,Premium,47.18,2,2023-09-04,No,2123.1
CUST0715,Female,54,North,47,Standard,59.92,3,2018-09-24,No,2816.24
CUST0716,Female,28,South,40,Standard,79.86,1,2018-11-13,Yes,3194.4
CUST0717,Male,23,South,54,Basic,85.29,3,2023-01-14,No,4605.66
CUST0718,Female,35,West,46,Standard,35.39,5,2023-07-11,No,1627.94
CUST0719,Female,38,South,47,Basic,117.7,2,2023-04-27,No,5531.9
CUST0720,Female,59,East,15,Standard,74.48,1,2022-10-31,No,1117.2
CUST0721,Female,53,South,19,Standard,33.57,3,2019-01-24,No,637.83
CUST0722,Male,58,South,26,Premium,109.36,4,2021-01-04,Yes,2843.36
CUST0723,Female,55,South,52,Basic,27.46,5,2018-12-21,No,1427.92
CUST0724,Male,51,North,22,Standard,110.77,5,2017-03-16,No,2436.94
CUST0725,Male,34,North,21,Standard,119.66,4,2020-07-17,No,2512.86
CUST0726,Male,54,East,51,Basic,90.04,3,2022-04-07,No,4592.04
CUST0727,Male,42,East,38,Basic,97.04,5,2017-03-03,Yes,3687.52
CUST0728,Male,55,North,20,Basic,53.73,1,2019-05-24,No,1074.6
CUST0729,Male,29,East,29,Basic,114.16,3,2017-11-16,No,3310.64
CUST0730,Female,40,North,51,Basic,72.97,3,2022-11-20,No,3721.47
CUST0731,Male,59,West,4,Basic,93.24,2,2020-12-23,Yes,372.96
CUST0732,Male,39,South,55,Basic,112.41,5,2019-05-24,No,6182.55
CUST0733,Male,38,South,71,Standard,117.52,5,2021-10-12,Yes,8343.92
CUST0734,Female,44,East,28,Standard,103.32,4,2023-04-22,No,2892.96
CUST0735,Female,48,North,4,Premium,50.3,2,2021-04-05,No,201.2
CUST0736,Male,23,North,22,Standard,116.65,2,2017-04-22,No,2566.3
CUST0737,Female,44,East,45,Standard,82.81,5,2018-04-06,No,3726.45
CUST0738,Male,57,North,67,Premium,113.06,3,2019-06-06,No,7575.02
CUST0739,Male,51,West,66,Standard,87.61,2,2020-01-21,No,5782.26
CUST0740,Female,29,South,34,Standard,50.72,4,2019-12-12,Yes,1724.48
CUST0741,Male,62,East,55,Standard,57.0,2,2018-06-04,No,3135.0
CUST0742,Female,24,East,1,Basic,75.05,4,2019-03-23,No,75.05
CUST0743,Female,27,North,38,Basic,99.0,2,2023-04-03,Yes,3762.0
CUST0744,Male,62,East,6,Standard,51.8,4,2022-04-09,No,310.8
CUST0745,Male,34,West,25,Standard,77.97,2,2021-05-24,No,1949.25
CUST0746,Female,43,North,17,Basic,54.56,2,2019-07-16,Yes,927.52
CUST0747,Male,38,North,61,Premium,101.58,1,2018-07-11,Yes,6196.38
CUST0748,Male,45,North,12,Standard,66.67,4,2023-04-01,No,800.04
CUST0749,Male,63,North,6,Standard,27.67,4,2019-11-22,No,166.02
CUST0750,Female,19,West,27,Premium,36.61,4,2018-08-02,No,988.47
CUST0751,Female,60,North,8,Standard,26.11,0,2018-06-26,No,208.88
CUST0752,Male,18,East,65,Premium,69.93,2,2022-12-02,No,4545.45
CUST0753,Female,68,West,57,Standard,30.63,4,2023-03-02,Yes,1745.91
CUST0754,Female,53,South,40,Basic,31.41,5,2019-11-19,No,1256.4
CUST0755,Female,68,South,14,Standard,114.1,0,2018-04-19,No,1597.4
CUST0756,Female,43,East,35,Standard,107.27,1,2023-04-20,No,3754.45
CUST0757,Female,46,East,48,Standard,65.21,4,2019-06-24,No,3130.08
CUST0758,Male,38,West,56,Premium,118.58,4,2022-04-30,No,6640.48
CUST0759,Male,28,South,49,Standard,20.02,0,2018-01-21,Yes,980.98
CUST0760,Male,57,South,13,Standard,81.4,2,2017-03-03,Yes,1058.2
CUST0761,Female,28,South,61,Premium,81.64,5,2018-05-30,No,4980.04
CUST0762,Female,53,South,49,Standard,65.74,1,2018-03-06,No,3221.26
CUST0763,Male,66,South,46,Standard,59.69,4,2018-08-03,No,2745.74
CUST0764,Female,56,North,62,Premium,65.54,2,2021-04-10,No,4063.48
CUST0765,Male,57,East,8,Basic,61.5,5,2020-03-10,No,492.0
CUST0766,Male,52,North,43,Standard,93.05,5,2020-08-16,No,4001.15
CUST0767,Male,51,South,20,Premium,33.54,1,2023-06-17,Yes,670.8
CUST0768,Female,64,West,39,Standard,39.76,3,2018-04-16,Yes,1550.64
CUST0769,Female,41,West,49,Standard,38.05,5,2020-11-17,No,1864.45
CUST0770,Male,39,South,64,Standard,46.25,3,2021-07-24,No,2960.0
CUST0771,Male,22,South,62,Standard,72.53,5,2021-01-08,No,4496.86
CUST0772,Male,50,West,54,Premium,31.12,1,2019-03-20,No,1680.48
CUST0773,Male,53,North,9,Basic,106.82,0,2017-06-21,No,961.38
CUST0774,Female,64,North,37,Basic,49.74,1,2017-01-31,No,1840.38
CUST0775,Female,37,South,49,Basic,36.25,1,2017-02-16,No,1776.25
CUST0776,Male,36,North,41,Standard,87.56,0,2017-05-10,Yes,3589.96
CUST0777,Male,52,West,17,Standard,23.81,0,2023-07-28,No,404.77
CUST0778,Female,69,North,21,Premium,82.0,2,2019-09-05,No,1722.0
CUST0779,Female,60,South,51,Standard,89.82,5,2021-07-04,Yes,4580.82
CUST0780,Male,34,West,59,Standard,41.49,2,2021-05-24,No,2447.91
CUST0781,Male,62,North,39,Basic,24.2,0,2017-02-27,No,943.8
CUST0782,Male,60,East,55,Standard,56.36,3,2020-02-04,No,3099.8
CUST0783,Female,51,West,41,Standard,29.86,3,2020-09-15,No,1224.26
CUST0784,Female,26,West,39,Basic,31.65,1,2019-02-07,No,1234.35
CUST0785,Female,43,East,13,Basic,45.43,4,2018-11-14,Yes,590.59
CUST0786,Male,19,East,64,Basic,49.55,1,2022-07-02,No,3171.2
CUST0787,Male,26,West,11,Basic,73.0,1,2023-05-23,No,803.0
CUST0788,Female,26,East,19,Standard,87.84,4,2021-11-26,No,1668.96
CUST0789,Female,57,South,11,Basic,79.28,5,2021-01-17,No,872.08
CUST0790,Male,34,South,46,Standard,34.84,0,2019-06-05,No,1602.64
CUST0791,Female,18,South,45,Premium,37.21,3,2018-02-01,No,1674.45
CUST0792,Female,42,West,1,Standard,107.88,1,2021-03-19,No,107.88
CUST0793,Male,60,East,40,Premium,75.84,4,2022-09-05,No,3033.6
CUST0794,Female,57,East,19,Standard,106.99,2,2017-11-09,No,2032.81
CUST0795,Male,59,North,61,Standard,57.15,1,2022-12-14,No,3486.15
CUST0796,Male,42,North,12,Premium,81.44,3,2021-05-08,No,977.28
CUST0797,Male,56,East,61,Basic,72.37,0,2020-05-06,No,4414.57
CUST0798,Male,52,East,33,Premium,51.91,1,2019-03-22,No,1713.03
CUST0799,Male,20,East,45,Basic,66.99,1,2023-02-14,No,3014.55
CUST0800,Male,67,West,69,Standard,70.25,5,2022-07-26,No,4847.25
CUST0801,Male,54,East,8,Basic,40.08,4,2021-02-16,No,320.64
CUST0802,Female,61,North,25,Standard,51.5,2,2018-03-26,No,1287.5
CUST0803,Male,61,West,46,Standard,99.14,2,2022-03-10,No,4560.44
CUST0804,Male,68,East,30,Standard,111.58,0,2020-10-09,Yes,3347.4
CUST0805,Female,47,North,47,Basic,55.98,3,2018-08-20,No,2631.06
CUST0806,Female,55,West,49,Basic,50.7,0,2022-11-18,Yes,2484.3
CUST0807,Female,51,East,47,Basic,39.52,1,2018-09-08,Yes,1857.44
CUST0808,Male,29,East,18,Basic,87.85,1,2019-08-06,Yes,1581.3
CUST0809,Female,36,East,66,Premium,52.31,2,2021-05-01,No,3452.46
CUST0810,Male,54,West,68,Basic,118.77,3,2018-07-10,No,8076.36
CUST0811,Male,61,North,33,Premium,52.57,4,2017-10-05,No,1734.81
CUST0812,Male,66,North,36,Premium,59.41,3,2022-07-07,No,2138.76
CUST0813,Male,34,South,19,Basic,80.33,1,2018-05-06,No,1526.27
CUST0814,Female,27,East,28,Standard,100.17,4,2017-09-12,No,2804.76
CUST0815,Female,66,South,40,Basic,66.95,3,2023-08-26,No,2678.0
CUST0816,Male,64,South,15,Basic,62.27,3,2019-06-11,No,934.05
CUST0817,Male,29,North,41,Basic,119.56,4,2018-06-26,Yes,4901.96
CUST0818,Male,33,West,39,Standard,21.05,1,2020-07-11,Yes,820.95
CUST0819,Female,41,West,2,Standard,109.51,3,2021-06-22,No,219.02
CUST0820,Male,36,North,63,Standard,34.91,4,2019-04-05,No,2199.33
CUST0821,Male,25,West,29,Standard,98.59,5,2020-09-14,Yes,2859.11
CUST0822,Female,48,South,66,Basic,81.79,5,2017-10-08,No,5398.14
CUST0823,Female,38,East,51,Standard,54.18,1,2020-07-22,No,2763.18
CUST0824,Male,34,North,10,Standard,107.39,4,2019-02-12,No,1073.9
CUST0825,Female,40,East,14,Basic,21.29,5,2017-11-24,No,298.06
CUST0826,Female,54,West,51,Basic,42.67,4,2023-03-09,No,2176.17
CUST0827,Male,33,East,39,Standard,76.69,3,2019-07-12,No,2990.91
CUST0828,Female,23,West,28,Basic,55.15,1,2018-07-06,No,1544.2
CUST0829,Male,25,West,3,Standard,81.04,5,2022-09-05,No,243.12
CUST0830,Female,42,South,70,Basic,22.41,3,2022-09-06,Yes,1568.7
CUST0831,Male,35,West,27,Basic,31.65,0,2018-12-03,No,854.55
CUST0832,Male,42,South,2,Basic,32.71,0,2022-04-04,Yes,65.42
CUST0833,Male,29,South,38,Basic,38.93,1,2023-09-27,Yes,1479.34
CUST0834,Female,32,South,3,Standard,65.93,5,2017-06-16,No,197.79
CUST0835,Male,43,North,16,Standard,95.21,5,2017-06-18,No,1523.36
CUST0836,Female,58,North,40,Standard,110.55,5,2017-08-17,No,4422.0
CUST0837,Male,62,West,2,Premium,103.54,4,2022-06-26,Yes,207.08
CUST0838,Male,43,South,41,Standard,39.69,3,2018-01-02,No,1627.29
CUST0839,Female,64,North,12,Standard,64.12,5,2018-06-12,No,769.44
CUST0840,Male,49,South,35,Basic,39.94,3,2019-03-02,No,1397.9
CUST0841,Male,27,East,65,Standard,46.45,1,2018-06-08,Yes,3019.25
CUST0842,Female,33,East,55,Standard,70.35,5,2020-01-01,No,3869.25
CUST0843,Male,24,East,45,Basic,26.81,1,2021-07-27,No,1206.45
CUST0844,Male,34,West,62,Standard,41.82,5,2022-11-24,Yes,2592.84
CUST0845,Male,40,South,49,Basic,113.54,0,2022-03-24,No,5563.46
CUST0846,Male,43,East,25,Standard,66.61,2,2020-07-29,No,1665.25
CUST0847,Female,38,North,23,Premium,64.54,1,2017-05-13,Yes,1484.42
CUST0848,Female,39,East,24,Premium,21.46,5,2023-05-06,Yes,515.04
CUST0849,Male,24,East,38,Standard,44.74,2,2021-07-01,Yes,1700.12
CUST0850,Female,31,East,28,Standard,106.63,1,2022-03-04,No,2985.64
CUST0851,Male,32,West,21,Standard,36.46,4,2021-11-06,Yes,765.66
CUST0852,Female,24,North,54,Standard,61.51,5,2017-01-18,No,3321.54
CUST0853,Male,26,South,18,Basic,21.43,4,2021-11-13,No,385.74
CUST0854,Male,68,North,36,Standard,67.83,0,2017-04-27,No,2441.88
CUST0855,Male,65,South,45,Standard,22.1,5,2019-03-09,Yes,994.5
CUST0856,Male,25,West,53,Premium,101.96,0,2021-09-08,No,5403.88
CUST0857,Male,67,West,30,Standard,102.49,2,2019-01-23,No,3074.7
CUST0858,Male,40,West,60,Standard,98.77,1,2023-10-06,No,5926.2
CUST0859,Female,46,West,32,Standard,48.34,3,2020-10-24,No,1546.88
CUST0860,Male,35,South,67,Standard,103.72,0,2022-09-29,Yes,6949.24
CUST0861,Female,48,East,67,Standard,74.3,3,2018-11-09,No,4978.1
CUST0862,Male,47,South,28,Basic,57.38,3,2017-04-16,No,1606.64
CUST0863,Female,69,North,44,Standard,82.53,1,2018-10-20,No,3631.32
CUST0864,Female,56,West,41,Premium,21.23,2,2022-05-01,No,870.43
CUST0865,Female,52,West,63,Standard,34.3,1,2020-12-19,No,2160.9
CUST0866,Male,35,North,23,Basic,94.23,5,2020-01-01,Yes,2167.29
CUST0867,Male,59,South,48,Standard,44.42,0,2019-09-15,No,2132.16
CUST0868,Female,56,East,32,Premium,79.8,3,2021-12-14,No,2553.6
CUST0869,Male,34,East,57,Basic,58.51,1,2021-11-18,Yes,3335.07
CUST0870,Female,31,North,33,Standard,105.48,1,2018-03-22,No,3480.84
CUST0871,Male,48,East,24,Premium,115.24,1,2022-05-03,No,2765.76
CUST0872,Female,41,South,39,Standard,108.36,0,2022-10-19,No,4226.04
CUST0873,Female,52,South,34,Premium,47.06,2,2022-06-21,Yes,1600.04
CUST0874,Male,61,North,56,Standard,39.42,1,2023-01-07,No,2207.52
CUST0875,Female,62,South,28,Standard,67.44,0,2019-02-13,No,1888.32
CUST0876,Male,51,West,37,Standard,20.73,3,2021-04-11,No,767.01
CUST0877,Female,20,North,7,Basic,22.58,5,2021-08-03,Yes,158.06
CUST0878,Female,54,South,68,Basic,75.33,4,2020-01-28,No,5122.44
CUST0879,Male,60,North,37,Standard,72.04,0,2020-07-25,No,2665.48
CUST0880,Male,57,East,56,Basic,119.46,4,2021-05-06,No,6689.76
CUST0881,Male,43,South,65,Standard,40.18,1,2021-08-14,No,2611.7
CUST0882,Female,40,West,65,Premium,45.81,1,2019-08-02,Yes,2977.65
CUST0883,Male,61,South,47,Premium,31.35,0,2018-03-31,Yes,1473.45
CUST0884,Female,56,North,20,Standard,111.75,4,2020-02-02,No,2235.0
CUST0885,Female,32,North,19,Premium,97.78,1,2019-08-04,No,1857.82
CUST0886,Male,66,South,29,Standard,102.23,3,2018-08-24,No,2964.67
CUST0887,Male,21,West,60,Standard,110.28,2,2018-12-26,Yes,6616.8
CUST0888,Female,46,West,18,Basic,72.49,2,2023-03-31,No,1304.82
CUST0889,Female,39,West,35,Standard,65.12,1,2020-11-18,No,2279.2
CUST0890,Male,42,North,43,Standard,53.04,4,2021-03-05,No,2280.72
CUST0891,Male,30,South,11,Standard,78.92,5,2017-09-08,No,868.12
CUST0892,Male,35,East,49,Standard,65.43,1,2021-03-25,Yes,3206.07
CUST0893,Male,50,North,38,Basic,65.16,5,2017-03-20,No,2476.08
CUST0894,Male,33,West,64,Standard,113.69,5,2019-06-17,Yes,7276.16
CUST0895,Female,62,South,69,Premium,118.4,4,2019-02-20,No,8169.6
CUST0896,Female,59,West,8,Standard,99.65,5,2017-08-14,No,797.2
CUST0897,Female,61,East,34,Premium,95.68,3,2019-12-11,No,3253.12
CUST0898,Female,19,West,48,Premium,88.06,4,2020-04-24,No,4226.88
CUST0899,Male,52,West,56,Premium,36.61,1,2019-11-24,No,2050.16
CUST0900,Male,59,East,65,Premium,25.91,3,2019-03-14,No,1684.15
CUST0901,Male,51,South,31,Premium,89.07,0,2019-01-12,No,2761.17
CUST0902,Female,47,North,4,Standard,92.88,2,2022-12-19,No,371.52
CUST0903,Female,30,South,50,Basic,24.7,1,2018-12-05,Yes,1235.0
CUST0904,Male,30,East,69,Standard,112.81,1,2020-11-27,No,7783.89
CUST0905,Male,35,West,30,Standard,29.11,1,2023-06-29,No,873.3
CUST0906,Female,49,South,59,Basic,48.59,3,2018-09-07,No,2866.81
CUST0907,Female,49,North,67,Basic,87.24,0,2017-11-25,Yes,5845.08
CUST0908,Male,52,East,45,Premium,36.99,4,2020-10-27,Yes,1664.55
CUST0909,Male,56,South,4,Premium,25.54,0,2021-01-23,No,102.16
CUST0910,Female,63,North,26,Premium,53.11,3,2017-05-13,No,1380.86
CUST0911,Male,69,East,27,Standard,96.6,1,2019-04-15,Yes,2608.2
CUST0912,Male,46,North,46,Basic,61.37,2,2017-05-01,No,2823.02
CUST0913,Male,66,East,64,Basic,85.3,1,2021-01-15,No,5459.2
CUST0914,Female,46,West,51,Basic,77.96,4,2019-08-23,No,3975.96
CUST0915,Female,61,South,50,Basic,22.22,5,2017-05-09,No,1111.0
CUST0916,Female,33,North,6,Basic,118.85,2,2021-05-18,No,713.1
CUST0917,Female,61,East,59,Premium,24.14,1,2022-09-08,No,1424.26
CUST0918,Female,64,North,15,Standard,116.78,2,2021-03-28,Yes,1751.7
CUST0919,Female,27,North,30,Basic,74.99,5,2017-11-29,Yes,2249.7
CUST0920,Female,47,South,42,Basic,116.32,0,2020-02-28,No,4885.44
CUST0921,Male,42,West,37,Standard,31.48,3,2020-08-09,Yes,1164.76
CUST0922,Male,56,North,42,Basic,69.04,1,2020-04-11,No,2899.68
CUST0923,Male,37,East,35,Premium,36.95,4,2020-11-30,No,1293.25
CUST0924,Male,22,East,6,Standard,25.1,0,2017-12-22,No,150.6
CUST0925,Male,18,West,68,Standard,81.75,1,2017-05-19,No,5559.0
CUST0926,Male,47,East,18,Basic,40.78,0,2021-03-07,No,734.04
CUST0927,Male,66,West,29,Basic,78.77,4,2020-04-12,Yes,2284.33
CUST0928,Female,20,East,59,Standard,31.24,1,2017-01-29,Yes,1843.16
CUST0929,Female,62,South,47,Standard,53.2,5,2019-07-20,No,2500.4
CUST0930,Male,31,North,17,Standard,98.16,5,2019-10-11,No,1668.72
CUST0931,Male,47,South,22,Basic,63.71,4,2019-04-08,Yes,1401.62
CUST0932,Female,67,North,68,Standard,82.77,2,2017-12-17,No,5628.36
CUST0933,Male,21,North,69,Standard,84.75,4,2022-07-18,No,5847.75
CUST0934,Male,35,North,37,Premium,104.38,2,2017-10-26,No,3862.06
CUST0935,Female,54,South,49,Basic,52.49,1,2021-10-10,No,2572.01
CUST0936,Male,42,North,13,Basic,88.73,2,2022-02-09,No,1153.49
CUST0937,Female,65,South,34,Standard,116.16,1,2020-04-30,Yes,3949.44
CUST0938,Male,18,West,53,Standard,93.02,1,2021-08-23,No,4930.06
CUST0939,Female,63,East,51,Standard,68.99,3,2022-10-13,Yes,3518.49
CUST0940,Female,32,East,3,Standard,83.07,1,2019-01-25,No,249.21
CUST0941,Female,26,North,42,Standard,93.97,2,2019-02-09,No,3946.74
CUST0942,Male,32,South,32,Premium,81.23,3,2020-05-23,No,2599.36
CUST0943,Female,66,East,51,Standard,21.67,3,2019-04-14,No,1105.17
CUST0944,Male,41,South,46,Premium,39.48,1,2023-01-23,No,1816.08
CUST0945,Male,21,South,21,Standard,101.05,4,2022-03-22,No,2122.05
CUST0946,Male,29,North,44,Premium,47.27,4,2021-04-14,No,2079.88
CUST0947,Male,54,East,11,Premium,93.16,5,2020-05-03,No,1024.76
CUST0948,Female,54,North,68,Basic,57.21,3,2018-05-21,No,3890.28
CUST0949,Female,60,North,1,Premium,72.19,1,2020-09-19,Yes,72.19
CUST0950,Male,23,East,63,Basic,26.8,4,2020-12-31,No,1688.4
CUST0951,Male,56,East,24,Premium,38.12,1,2020-11-17,No,914.88
CUST0952,Female,63,West,13,Standard,115.72,1,2020-03-18,Yes,1504.36
CUST0953,Male,41,West,11,Basic,109.01,3,2019-01-31,No,1199.11
CUST0954,Female,28,South,51,Standard,85.23,5,2019-04-13,No,4346.73
CUST0955,Male,30,East,17,Premium,65.96,3,2020-11-29,Yes,1121.32
CUST0956,Male,51,West,24,Basic,87.58,0,2017-10-10,No,2101.92
CUST0957,Female,42,South,19,Standard,81.86,4,2018-01-14,No,1555.34
CUST0958,Male,24,South,37,Standard,76.86,4,2017-07-17,No,2843.82
CUST0959,Female,69,South,8,Premium,25.92,4,2018-07-10,Yes,207.36
CUST0960,Male,21,West,28,Standard,83.28,2,2017-12-22,No,2331.84
CUST0961,Male,25,East,5,Basic,96.89,1,2021-04-13,No,484.45
CUST0962,Male,37,North,17,Basic,119.41,3,2019-11-07,No,2029.97
CUST0963,Female,46,South,36,Standard,21.11,4,2018-01-14,No,759.96
CUST0964,Male,68,West,19,Standard,93.02,0,2018-11-11,No,1767.38
CUST0965,Male,62,West,64,Premium,77.18,4,2021-11-15,No,4939.52
CUST0966,Male,63,North,11,Basic,63.41,5,2019-06-18,No,697.51
CUST0967,Male,27,North,54,Standard,32.76,1,2017-03-17,No,1769.04
CUST0968,Female,60,West,45,Basic,60.91,1,2017-08-19,No,2740.95
CUST0969,Female,51,East,47,Basic,55.44,3,2021-10-06,No,2605.68
CUST0970,Male,43,North,12,Standard,50.28,2,2019-08-20,No,603.36
CUST0971,Female,58,West,21,Standard,93.09,3,2023-06-08,Yes,1954.89
CUST0972,Male,66,North,11,Standard,90.07,4,2023-03-13,No,990.77
CUST0973,Male,20,East,5,Premium,78.9,5,2022-10-18,No,394.5
CUST0974,Male,23,South,56,Standard,113.87,0,2018-01-28,No,6376.72
CUST0975,Female,22,North,20,Premium,54.99,3,2020-01-14,No,1099.8
CUST0976,Female,22,East,41,Premium,44.38,2,2017-09-24,Yes,1819.58
CUST0977,Female,64,West,46,Standard,85.59,3,2019-12-29,No,3937.14
CUST0978,Female,40,North,12,Premium,39.88,1,2018-09-03,Yes,478.56
CUST0979,Female,66,North,70,Standard,51.5,4,2020-10-02,No,3605.0
CUST0980,Female,26,West,17,Basic,42.46,4,2019-10-06,No,721.82
CUST0981,Female,52,South,19,Standard,26.92,4,2019-08-20,No,511.48
CUST0982,Female,37,West,26,Basic,102.75,4,2018-11-04,No,2671.5
CUST0983,Female,66,North,48,Standard,45.45,4,2023-10-07,No,2181.6
CUST0984,Male,59,West,52,Standard,67.3,4,2021-08-28,No,3499.6
CUST0985,Female,52,East,70,Basic,24.33,0,2022-12-03,Yes,1703.1
CUST0986,Female,67,West,55,Basic,89.93,2,2023-03-18,Yes,4946.15
CUST0987,Female,35,North,33,Premium,53.06,4,2017-01-31,No,1750.98
CUST0988,Female,34,West,62,Standard,94.47,2,2020-09-28,No,5857.14
CUST0989,Female,41,South,23,Basic,61.24,5,2020-11-01,No,1408.52
CUST0990,Female,20,West,15,Standard,39.58,4,2020-02-28,No,593.7
CUST0991,Female,49,South,27,Standard,71.32,3,2018-09-09,No,1925.64
CUST0992,Female,52,East,64,Standard,33.05,4,2018-06-23,No,2115.2
CUST0993,Female,55,South,51,Premium,64.05,1,2019-05-21,No,3266.55
CUST0994,Female,30,West,53,Standard,51.73,0,2017-04-11,Yes,2741.69
CUST0995,Female,64,North,51,Basic,111.2,3,2020-11-13,Yes,5671.2
CUST0996,Male,42,South,47,Premium,26.09,3,2019-07-30,No,1226.23
CUST0997,Male,26,East,4,Premium,89.4,1,2017-12-07,No,357.6
CUST0998,Female,21,South,7,Basic,38.28,4,2019-11-10,No,267.96
CUST0999,Female,31,South,35,Basic,51.9,0,2017-02-07,Yes,1816.5
CUST1000,Male,54,South,48,Basic,61.55,3,2018-10-22,No,2954.4
